{
    "$schema": "https://schema.management.azure.com/schemas/2015-01-01/deploymentParameters.json#",
    "contentVersion": "1.0.0.0",
    "parameters": {
        "name": {
            "value": "cosmosdblaboratorio"
        },
        "location": {
            "value": "southcentralus"
        },
        "locationName": {
            "value": "South Central US"
        },
        "defaultExperience": {
            "value": "Core (SQL)"
        },
        "isZoneRedundant": {
            "value": "false"
        }
    }
}